,category,score,n_samples,n_features
0,crime,0.9357836924376849,4734,27311
1,racism,0.983859649122807,1425,14281
2,society,0.9707054136395594,4267,27208
3,war,0.9386892177589852,1419,14192
