,category,score,n_samples,n_features
0,crime,0.9338825517532742,4734,27311
1,racism,0.983859649122807,1425,14281
2,society,0.9689857502095558,4772,30537
3,war,0.9351656095842142,1419,14192
